city,country_code,latitude,longitude,data_from,data_to,total_days,avg_temp_celsius,coldest_temp_celsius,hottest_temp_celsius,total_precipitation_mm,avg_daily_precipitation_mm,total_rainy_days,avg_humidity_pct,avg_wind_max_kmh,avg_daylight_hours,continent,climate_zone,pct_rainy_days
Cape Town,ZA,-33.93,18.42,2025-10-05,2026-10-04,365,17.8,5.1,41.1,496.8,1.4,120,74.1,19.9,12.1,Africa,Mediterranean,32.9
Berlin,DE,52.52,13.41,2025-10-05,2026-10-04,365,10.7,-12.9,39.8,514.7,1.4,199,73.1,15.5,12.3,Europe,Temperate,54.5
New York,US,40.71,-74.01,2025-10-05,2026-10-04,365,12.3,-18.3,40.7,1321.4,3.6,202,67.2,16.1,12.2,North America,Temperate,55.3
London,GB,51.51,-0.13,2025-10-05,2026-10-04,365,13.5,-5.2,36.2,639.2,1.8,212,72.5,16.4,12.3,Europe,Temperate,58.1
Tokyo,JP,35.68,139.69,2025-10-05,2026-10-04,365,16.5,-3.5,39.2,2116.5,5.8,204,69.0,13.5,12.2,Asia,Subtropical,55.9
Sydney,AU,-33.87,151.21,2025-10-05,2026-10-04,365,18.5,5.9,42.0,872.7,2.4,210,72.1,18.4,12.1,Oceania,Subtropical,57.5
São Paulo,BR,-23.55,-46.63,2025-10-05,2026-10-04,365,20.1,8.4,35.1,1850.2,5.1,255,76.0,13.2,12.1,South America,Tropical,69.9
Kuala Lumpur,MY,3.14,101.69,2025-10-05,2026-10-04,365,28.0,22.4,37.6,2334.1,6.4,348,76.7,10.3,12.1,Asia,Tropical,95.3
Auckland,NZ,-36.85,174.76,2025-10-05,2026-10-04,365,16.0,2.0,29.1,1413.6,3.9,256,77.3,20.5,12.1,Oceania,Temperate Oceanic,70.1
