period_month,deposit_rate,headline_inflation,core_inflation,energy_inflation,real_rate,m3_growth_yoy,yield_2Y,yield_10Y,yield_curve_spread,is_inverted,eur_usd
2004-09-01,1.0,2.1,1.8,6.4,-1.1,5.937869625311776,2.6081882242172174,4.104689782281515,1.4965015580642973,false,1.221781818181818
2004-10-01,1.0,2.4,1.9,9.7,-1.4,5.785619797534891,2.4725188731561505,3.999926263340502,1.5274073901843517,false,1.2489666666666668
2004-11-01,1.0,2.2,1.9,8.7,-1.2000000000000002,5.89951034746079,2.422778145070817,3.891160783320308,1.4683826382494911,false,1.2991363636363635
2004-12-01,1.0,2.3,1.9,6.9,-1.2999999999999998,6.627288166613643,2.37480475597901,3.6732621782439088,1.2984574222648986,false,1.3407608695652176
2005-01-01,1.0,1.9,1.6,6.2,-0.8999999999999999,6.805545397774182,2.397628153963214,3.59703140925372,1.1994032552905063,false,1.311928571428571
2005-02-01,1.0,2.1,1.4,7.7,-1.1,6.57688672890504,2.4294706969751956,3.5706658730366323,1.1411951760614367,false,1.3014249999999998
2005-03-01,1.0,2.2,1.6,8.8,-1.2000000000000002,6.3941207402189,2.4768982347066797,3.7342883053807543,1.2573900706740746,false,1.3200666666666667
2005-04-01,1.0,2.1,1.4,10.1,-1.1,6.779057510136743,2.3372846211847214,3.547107947780184,1.2098233265954628,false,1.2937904761904764
2005-06-01,1.0,2.0,1.4,9.4,-1.0,7.547481474184736,2.0610639246980935,3.238843424588426,1.1777794998903324,false,1.2164909090909093
2005-07-01,1.0,2.1,1.3,11.7,-1.1,7.978116994753859,2.155942475450876,3.2673792104796613,1.1114367350287853,false,1.2037190476190474
2005-08-01,1.0,2.2,1.3,11.5,-1.2000000000000002,8.17403661992746,2.228153898747446,3.2770278445461147,1.0488739457986687,false,1.2292434782608694
2005-09-01,1.0,2.6,1.3,15.0,-1.6,8.35433863027859,2.1960540530614705,3.1146752142833183,0.9186211612218478,false,1.225640909090909
2005-10-01,1.0,2.5,1.4,12.1,-1.5,7.804123645312244,2.4515110551293366,3.275714108058759,0.8242030529294224,false,1.2014523809523812
2005-11-01,1.0,2.3,1.4,10.0,-1.2999999999999998,7.6105477208453065,2.714513493937731,3.4818296024109006,0.7673161084731697,false,1.1785727272727273
2005-12-01,1.25,2.3,1.4,11.2,-1.0499999999999998,7.283913253955343,2.7730817171603905,3.36564352457868,0.5925618074182895,false,1.1856095238095237
2006-01-01,1.25,2.4,1.2,13.6,-1.15,7.50561686781932,2.8247538612111525,3.334526647307788,0.5097727860966357,false,1.2103136363636364
2006-02-01,1.25,2.4,1.2,12.5,-1.15,7.795947617014187,2.92789013159602,3.4791726192624055,0.5512824876663855,false,1.193835
2006-03-01,1.5,2.2,1.3,10.5,-0.7000000000000002,8.396199155469208,3.1482148619396257,3.6459064387137894,0.49769157677416365,false,1.2020000000000004
2006-04-01,1.5,2.4,1.5,11.1,-0.8999999999999999,8.811955779541215,3.2974679038011754,3.9235936580386888,0.6261257542375134,false,1.2271166666666664
2006-06-01,1.75,2.5,1.4,11.0,-0.75,8.449830862032194,3.428751165269737,3.9819532256584895,0.5532020603887524,false,1.2649954545454547
2006-07-01,1.75,2.4,1.5,9.5,-0.6499999999999999,7.68793524987561,3.53478249551241,3.9972627071732,0.46248021166079,false,1.2683666666666666
2006-08-01,2.0,2.3,1.4,8.1,-0.2999999999999998,8.03836664211055,3.526012978130231,3.871520260229553,0.3455072820993217,false,1.2811304347826087
2006-09-01,2.0,1.8,1.5,1.6,0.19999999999999996,8.344057985132292,3.549653756650885,3.735720034426407,0.18606627777552243,false,1.2727428571428572
2006-10-01,2.25,1.6,1.5,-0.5,0.6499999999999999,8.522690659411825,3.547051089528281,3.716477584276407,0.1694264947481261,false,1.2611045454545453
2006-11-01,2.25,1.8,1.5,2.1,0.44999999999999996,9.311785551242547,3.621725439017359,3.6876589571087823,0.06593351809142334,false,1.288140909090909
2006-12-01,2.5,1.9,1.5,2.9,0.6000000000000001,9.972575816321738,3.6915594774906553,3.7498136281233276,0.058254150632672363,false,1.3212789473684208
2007-01-01,2.5,1.8,1.7,0.9,0.7,10.25015370927429,3.860012366211461,3.984103094818889,0.12409072860742798,false,1.2998636363636364
2007-02-01,2.5,1.8,1.9,0.8,0.7,10.275114389420704,3.879853238048642,4.015326928109635,0.1354736900609934,false,1.30742
2007-03-01,2.75,1.9,1.9,1.8,0.8500000000000001,11.023310924489893,3.8522310799611774,3.924299634239748,0.0720685542785704,false,1.3241863636363638
2007-04-01,2.75,1.9,1.9,0.4,0.8500000000000001,10.158451322534123,4.034457079446578,4.129897796546259,0.09544071709968094,false,1.3516157894736842
2007-05-01,2.75,1.9,1.9,0.3,0.8500000000000001,10.66244282920108,4.179092187806441,4.251500247439788,0.07240805963334651,false,1.3511318181818182
2007-06-01,3.0,1.9,1.9,0.9,1.1,11.030787947420606,4.374832409773383,4.526043665774743,0.15121125600136054,false,1.3418571428571429
2007-10-01,3.0,2.5,1.9,5.5,0.5,12.452865333056295,4.023305516479363,4.3276384879656,0.30433297148623684,false,1.4227478260869564
2007-11-01,3.0,3.1,1.9,9.7,-0.10000000000000009,12.557236184808286,3.844569007009289,4.183296706032641,0.33872769902335165,false,1.4683636363636365
2007-12-01,3.0,3.1,1.9,9.2,-0.10000000000000009,11.515852137178783,3.9398271885164484,4.306253509277027,0.36642632076057824,false,1.457036842105263
2008-01-01,3.0,3.2,1.7,10.6,-0.20000000000000018,11.567368235315545,3.643786135554395,4.137377290691024,0.4935911551366292,false,1.4717909090909094
2008-02-01,3.0,3.3,1.8,10.4,-0.2999999999999998,11.500994306368483,3.296508713848712,4.079566028113748,0.7830573142650357,false,1.4748380952380953
2008-03-01,3.0,3.6,2.0,11.2,-0.6000000000000001,10.143249070019245,3.3850778027607773,4.039557484254451,0.6544796814936737,false,1.5526526315789477
2008-05-01,3.0,3.7,1.7,13.7,-0.7000000000000002,10.290268466138276,4.021340453010416,4.369872998727402,0.3485325457169859,false,1.5557000000000003
2008-06-01,3.0,3.9,1.8,16.1,-0.8999999999999999,9.684162606276715,4.550799519433966,4.667171451690204,0.11637193225623843,false,1.5552761904761905
2008-07-01,3.25,4.1,1.7,17.1,-0.8499999999999996,9.238547639953666,4.453698040355965,4.62741157441256,0.17371353405659473,false,1.5769695652173912
2008-08-01,3.25,3.8,1.9,14.6,-0.5499999999999998,8.797918627485979,4.11859441314913,4.376043568210957,0.25744915506182675,false,1.4975380952380957
2008-09-01,3.25,3.6,1.9,13.5,-0.3500000000000001,8.551364757095904,3.937764975111549,4.35361325217772,0.4158482770661709,false,1.4369499999999997
2008-10-01,3.25,3.2,1.9,9.6,0.04999999999999982,8.584935523616743,2.9931423659249883,4.247760404538194,1.2546180386132053,false,1.332208695652174
2008-11-01,2.75,2.1,1.9,0.7,0.6499999999999999,7.6621379884199925,2.5267640195467194,4.058308402811908,1.5315443832651883,false,1.273215
2008-12-01,2.0,1.6,1.8,-3.7,0.3999999999999999,7.707808840099739,2.318898774287891,3.713799515134632,1.394900740846741,false,1.344942857142857
2009-01-01,1.0,1.1,1.6,-5.2,-0.10000000000000009,5.986712615724676,1.8989410910635744,3.8203927253535093,1.9214516342899348,false,1.3238666666666665
2009-02-01,1.0,1.2,1.7,-4.9,-0.19999999999999996,5.715734986916066,1.6005599879709578,3.9039006803163794,2.3033406923454214,false,1.27847
2009-03-01,0.5,0.6,1.4,-8.1,-0.09999999999999998,5.128014015045035,1.5441479816661747,3.8504372098187556,2.306289228152581,false,1.304981818181818
2009-05-01,0.25,0.0,1.5,-11.6,0.25,3.8263110713913973,1.4953438575599427,3.9672497020471638,2.471905844487221,false,1.3650449999999998
2009-06-01,0.25,-0.1,1.4,-11.7,0.35,3.6413818808838094,1.605150345523244,4.115701545319242,2.510551199795998,false,1.4016454545454542
2009-08-01,0.25,-0.2,1.3,-10.2,0.45,2.2528687761056654,1.5214111593568087,3.7273055370669375,2.2058943777101288,false,1.4267999999999998
2009-09-01,0.25,-0.3,1.2,-11.0,0.55,1.8359689790565348,1.3357411941171433,3.7260588628901856,2.3903176687730423,false,1.4561636363636365
2009-10-01,0.25,-0.1,1.2,-8.5,0.35,0.27087492451909334,1.4118363995545504,3.687515159173739,2.2756787596191885,false,1.4816363636363634
2009-12-01,0.25,0.9,1.1,1.8,-0.65,-0.2861473315917462,1.3191824543586481,3.6283137779516834,2.3091313235930353,false,1.461359090909091
2010-01-01,0.25,0.9,0.8,4.0,-0.65,0.07924103643512925,1.3033170380736994,3.6800617955788675,2.3767447575051683,false,1.4272099999999999
2010-02-01,0.25,0.8,0.8,3.3,-0.55,-0.3980241807307272,1.1826658355371484,3.570295678780295,2.3876298432431464,false,1.36857
2010-03-01,0.25,1.6,1.1,7.2,-1.35,-0.07607669368492331,1.0733582128262127,3.505108766318327,2.4317505534921144,false,1.3568521739130437
2010-04-01,0.25,1.6,0.9,9.1,-1.35,-0.18674523712669533,1.0574099346236299,3.470444265910177,2.413034331286547,false,1.34057
2010-05-01,0.25,1.7,0.9,9.2,-1.45,-0.1511014486402229,0.8231835904484502,3.202129046454272,2.378945456005822,false,1.256533333333333
2010-07-01,0.25,1.7,1.0,8.1,-1.45,0.08790635489670517,0.8081839283938479,3.0043672745875365,2.1961833461936884,false,1.2770000000000001
2010-08-01,0.25,1.6,1.0,6.1,-1.35,0.8687646856158526,0.7037564151337122,2.7093052301206417,2.0055488149869296,false,1.2894181818181816
2010-09-01,0.25,1.9,1.2,7.7,-1.65,0.7154249206619001,0.7616945522505435,2.686364547972635,1.9246699957220916,false,1.3067000000000002
2010-10-01,0.25,1.9,1.1,8.5,-1.65,1.015002744013671,0.9390425395407119,2.728969974546965,1.7899274350062533,false,1.3897809523809521
2010-11-01,0.25,1.9,1.1,7.9,-1.65,1.3754570935684995,1.033180188089754,2.919565906781031,1.8863857186912771,false,1.3660954545454544
2010-12-01,0.25,2.2,1.1,11.0,-1.9500000000000002,1.2263255966632247,1.0138276446820997,3.3249973016176297,2.31116965693553,false,1.322013043478261
2011-02-01,0.25,2.4,1.0,13.1,-2.15,1.6261000642693313,1.5018890044935507,3.5466966443314556,2.044807639837905,false,1.364895
2011-03-01,0.25,2.7,1.3,13.0,-2.45,1.8348510628465764,1.676234378765758,3.5523031494580755,1.8760687706923174,false,1.3999173913043477
2011-04-01,0.5,2.8,1.6,12.4,-2.3,1.4802602573392498,1.8524684623981222,3.653416724160326,1.8009482617622037,false,1.4441789473684212
2011-06-01,0.5,2.7,1.5,10.9,-2.2,1.2609646539261332,1.6187566413263619,3.3508728265430183,1.7321161852166564,false,1.4388409090909091
2011-07-01,0.75,2.6,1.2,11.8,-1.85,1.2423576557141658,1.4851224473298212,3.2427572131655142,1.757634765835693,false,1.4264285714285712
2011-08-01,0.75,2.5,1.2,11.8,-1.75,1.71100527489354,0.9126221400859699,2.8271861562267224,1.9145640161407527,false,1.434321739130435
2011-09-01,0.75,3.0,1.6,12.4,-2.25,1.728095225415771,0.6961101854558606,2.4950576330830945,1.798947447627234,false,1.377
2011-10-01,0.75,3.0,1.6,12.4,-2.25,1.3977245515266024,0.8301856399946904,2.71703733751185,1.8868516975171596,false,1.3706333333333334
2011-11-01,0.5,3.0,1.6,12.3,-2.5,1.4319985272263303,0.8635379651855886,2.8896782924468134,2.026140327261225,false,1.3555727272727274
2011-12-01,0.25,2.8,1.6,9.7,-2.55,1.564486930654696,0.5604395585566961,2.7649338255252696,2.2044942669685734,false,1.317904761904762
2012-02-01,0.25,2.7,1.5,9.5,-2.45,2.3609435734091466,0.4254745157976054,2.6460857487077614,2.220611232910156,false,1.322409523809524
2012-03-01,0.25,2.7,1.6,8.5,-2.45,2.895342783907684,0.39534074541915937,2.62586699617504,2.2305262507558807,false,1.3201000000000003
2012-04-01,0.25,2.6,1.6,8.2,-2.35,2.4588005376283473,0.3659604524851727,2.5553861038722525,2.18942565138708,false,1.3161736842105263
2012-05-01,0.25,2.4,1.6,7.3,-2.15,2.922980611822279,0.24590470265062125,2.2255707996300753,1.9796660969794542,false,1.278890909090909
2012-06-01,0.25,2.4,1.6,6.1,-2.15,3.069386712756339,0.24068258167035483,2.1287417607648287,1.8880591790944738,false,1.2526285714285716
2012-07-01,0.0,2.4,1.7,6.1,-2.4,3.5178455290649557,0.04372021281721563,1.9561919951777675,1.912471782360552,false,1.2288454545454546
2012-09-01,0.0,2.6,1.5,9.1,-2.6,2.7500140111976545,0.08304700104228772,2.027377383930834,1.9443303828885465,false,1.28557
2012-10-01,0.0,2.5,1.5,8.0,-2.5,3.7582181129726333,0.09375297831575771,1.9782336152502662,1.8844806369345084,false,1.2974173913043479
2012-11-01,0.0,2.2,1.4,5.7,-2.2,3.7253644809288167,0.038132499748423324,1.8574747568693581,1.8193422571209348,false,1.2827727272727272
2012-12-01,0.0,2.2,1.5,5.2,-2.2,3.556579927221848,-0.0006898648830286435,1.7653600043405384,1.766049869223567,false,1.311936842105263
2013-01-01,0.0,2.0,1.3,3.9,-2.0,3.420774617968747,0.1711569648012296,1.928165702457322,1.7570087376560923,false,1.3288045454545454
2013-02-01,0.0,1.9,1.3,3.9,-1.9,3.077123681561833,0.2098458551260122,1.9817913119650086,1.7719454568389963,false,1.3359050000000001
2011-05-01,0.5,2.7,1.5,11.1,-2.2,1.4968753475074426,1.7715743796402017,3.429662753633318,1.6580883739931163,false,1.4348636363636365
2007-07-01,3.0,1.8,1.9,0.0,1.2,11.861414027303674,4.3818761211913335,4.490499983979027,0.10862386278769343,false,1.371559090909091
2008-04-01,3.0,3.3,1.6,10.8,-0.2999999999999998,10.610176387935756,3.7519085900120657,4.240391462481711,0.4884828724696457,false,1.57505
2012-08-01,0.0,2.6,1.5,8.9,-2.6,2.77411378493444,0.0030442430262232695,1.9184388801007657,1.9153946370745425,false,1.239995652173913
2005-05-01,1.0,2.0,1.6,6.8,-1.0,7.322387200399283,2.2130987233913118,3.3988603917436846,1.1857616683523728,false,1.2693954545454544
2006-05-01,1.5,2.5,1.3,12.9,-1.0,8.87618289434533,3.3409675815708155,3.976725375846361,0.6357577942755457,false,1.2769590909090909
2007-08-01,3.0,1.7,1.9,-0.9,1.3,11.674272996458823,4.0982895075247505,4.323227041864868,0.22493753434011765,false,1.3622478260869564
2007-09-01,3.0,2.1,1.8,3.0,0.8999999999999999,11.511411403876126,3.9786666275856204,4.288015108182831,0.3093484805972109,false,1.389645
2011-01-01,0.25,2.3,1.1,12.0,-2.05,1.4707894668985144,1.1782489641359029,3.407732417546324,2.2294834534104213,false,1.3359666666666665
2012-01-01,0.25,2.7,1.5,9.2,-2.45,1.9641157869430659,0.47446751220071176,2.7008569865762873,2.2263894743755754,false,1.2904863636363635
2009-07-01,0.25,-0.6,1.3,-14.4,0.85,3.01468271322225,1.412096256841167,3.912939247087967,2.5008429902468,false,1.4087695652173913
2009-04-01,0.25,0.6,1.8,-8.8,-0.35,4.8184109256726115,1.5860572413778433,3.841947407874428,2.2558901664965845,false,1.3190299999999997
2009-11-01,0.25,0.5,1.0,-2.4,-0.25,-0.25617920617969636,1.366975189127821,3.6768930196411906,2.3099178305133696,false,1.4914476190476194
2010-06-01,0.25,1.5,1.0,6.2,-1.25,0.08852285607334753,0.6220546542813878,3.0820382357741862,2.459983581492798,false,1.22085
2000-01-01,2.0,1.9,1.1,12.1,0.10000000000000009,4.977815521024054,,,,,1.0136952380952378
2000-02-01,2.25,1.9,0.9,13.5,0.3500000000000001,5.8341453695005985,,,,,0.9834238095238094
2000-03-01,2.5,2.0,0.9,15.2,0.5,6.04327737043262,,,,,0.9643434782608697
2000-04-01,2.75,1.7,1.0,10.1,1.05,5.755405631165811,,,,,0.9469500000000001
2000-05-01,2.75,1.8,0.8,11.9,0.95,5.394344301253007,,,,,0.9059681818181818
2000-08-01,3.25,2.0,0.9,11.6,1.25,4.541474165102577,,,,,0.9040565217391304
2000-09-01,3.5,2.4,1.0,15.2,1.1,4.264662851804335,,,,,0.8721142857142856
2000-10-01,3.75,2.4,1.1,14.1,1.35,4.127010904175643,,,,,0.8551590909090908
2000-11-01,3.75,2.5,1.0,14.7,1.25,3.749423857339962,,,,,0.8563863636363638
2000-12-01,3.75,2.5,1.5,10.7,1.25,4.010463475184789,,,,,0.8973157894736842
2001-01-01,3.75,2.0,1.2,7.2,1.75,3.7898732843329563,,,,,0.9382818181818181
2001-02-01,3.75,2.0,1.0,7.5,1.75,3.7627872102601545,,,,,0.921705
2001-03-01,3.75,2.2,1.4,4.9,1.5499999999999998,3.7152684626172494,,,,,0.9095227272727271
2001-04-01,3.75,2.7,1.8,7.2,1.0499999999999998,3.9115329654738407,,,,,0.8919999999999998
2001-05-01,3.5,3.1,1.9,7.9,0.3999999999999999,4.35303889455978,,,,,0.8741636363636363
2001-06-01,3.5,2.9,1.9,4.9,0.6000000000000001,5.432072365070195,,,,,0.8531666666666666
2001-09-01,2.75,2.2,1.9,-1.8,0.5499999999999998,6.841118986685513,,,,,0.9110950000000001
2001-10-01,2.75,2.2,2.2,-3.0,0.5499999999999998,7.322950530053185,,,,,0.9058652173913044
2001-11-01,2.25,2.0,2.2,-5.3,0.25,7.913150975029581,,,,,0.8883090909090909
2001-12-01,2.25,2.1,2.2,-4.7,0.1499999999999999,8.01664952627772,,,,,0.8923722222222222
2002-01-01,2.25,2.6,2.4,-1.9,-0.3500000000000001,7.819556204448541,,,,,0.8832863636363638
2002-02-01,2.25,2.5,2.5,-2.9,-0.25,7.41593980388997,,,,,0.870035
2002-03-01,2.25,2.5,2.5,-1.6,-0.25,7.338687928399867,,,,,0.8757999999999999
2002-04-01,2.25,2.4,2.4,-0.5,-0.1499999999999999,7.349894642455057,,,,,0.8858428571428573
2002-05-01,2.25,2.1,2.5,-2.8,0.1499999999999999,7.789908500466214,,,,,0.9169999999999999
2002-06-01,2.25,1.9,2.5,-3.5,0.3500000000000001,7.140563775069864,,,,,0.95544
2002-07-01,2.25,2.0,2.4,-1.6,0.25,7.037488926510371,,,,,0.9921826086956521
2002-08-01,2.25,2.1,2.4,-0.3,0.1499999999999999,6.958804300400057,,,,,0.9777590909090911
2002-09-01,2.25,2.1,2.4,-0.1,0.1499999999999999,7.1665173975406615,,,,,0.9807952380952382
2002-10-01,2.25,2.3,2.3,2.6,-0.04999999999999982,6.810246464081615,,,,,0.981108695652174
2002-11-01,2.25,2.3,2.3,2.4,-0.04999999999999982,7.051129279485768,,,,,1.0013619047619047
2002-12-01,1.75,2.3,2.2,3.8,-0.5499999999999998,6.9958417649997,,,,,1.0182550000000001
2003-02-01,1.75,2.4,1.9,7.6,-0.6499999999999999,8.269723179945254,,,,,1.077295
2003-03-01,1.5,2.4,1.8,7.5,-0.8999999999999999,8.235897792341751,,,,,1.0806523809523811
2003-04-01,1.5,2.1,2.0,2.2,-0.6000000000000001,8.958238480726543,,,,,1.08476
2003-05-01,1.5,1.8,1.8,0.6,-0.30000000000000004,8.685980267121085,,,,,1.1581809523809525
2003-06-01,1.0,2.0,1.8,1.5,-1.0,8.55207533473996,,,,,1.1662809523809528
2003-07-01,1.0,1.9,1.6,2.0,-0.8999999999999999,8.780401769347247,,,,,1.137182608695652
2003-08-01,1.0,2.0,1.7,2.6,-1.0,8.40692765470401,,,,,1.1138666666666666
2003-09-01,1.0,2.1,1.8,1.6,-1.1,7.578260162608874,,,,,1.1221727272727273
2003-10-01,1.0,2.0,1.7,0.8,-1.0,8.112143181735876,,,,,1.169191304347826
2003-12-01,1.0,2.0,1.6,1.8,-1.0,7.165932278389708,,,,,1.228561904761905
2004-02-01,1.0,1.6,1.8,-2.2,-0.6000000000000001,6.211521057659097,,,,,1.2646450000000002
2004-03-01,1.0,1.7,1.8,-2.0,-0.7,6.278388937379331,,,,,1.2261652173913042
2004-04-01,1.0,2.1,1.8,2.0,-1.1,5.383998520384559,,,,,1.1985400000000002
2004-05-01,1.0,2.5,1.8,6.7,-1.5,4.896730306212116,,,,,1.2007238095238093
2004-06-01,1.0,2.4,1.9,5.9,-1.4,5.39397343641681,,,,,1.213831818181818
2004-07-01,1.0,2.3,1.8,5.9,-1.2999999999999998,5.389246452094665,,,,,1.2265863636363636
2004-08-01,1.0,2.4,1.9,6.5,-1.4,5.381079270876432,,,,,1.2175954545454546
2004-01-01,1.0,1.8,1.7,-0.4,-0.8,6.435286055204936,,,,,1.2613190476190477
2000-07-01,3.25,2.1,0.9,13.2,1.15,4.227338324868191,,,,,0.9396571428571429
2001-07-01,3.5,2.5,1.8,2.3,1.0,5.665291506683867,,,,,0.8606636363636362
2001-08-01,3.25,2.3,1.7,1.5,0.9500000000000002,6.0074298035544205,,,,,0.9004826086956522
2003-01-01,1.75,2.1,1.9,6.0,-0.3500000000000001,7.504464220617435,,,,,1.0621863636363635
2000-06-01,3.25,2.1,0.9,14.3,1.15,4.6638915852596385,,,,,0.9491772727272728
2003-11-01,1.0,2.2,1.7,2.3,-1.2000000000000002,7.447890803252966,,,,,1.170195
2026-05-01,2.0,,,,,3.2004891753189657,2.5917264189150004,3.09716878483,0.5054423659149996,false,1.16732
2026-06-01,2.25,,,,,,2.5562386011349996,3.026416703085,0.47017810195000065,false,1.1529800000000001
2013-03-01,0.0,1.7,1.5,1.7,-1.7,2.4023562615483662,0.09407650790539175,1.8261150143667038,1.732038506461312,false,1.2963600000000002
2013-04-01,0.0,1.2,1.0,-0.4,-1.2,3.0653794119554822,0.06567560841772896,1.6362067131121631,1.5705311046944341,false,1.3026
2013-05-01,0.0,1.4,1.2,-0.2,-1.4,2.796163177629496,0.06259744443187204,1.6971157607434604,1.6345183163115884,false,1.2982045454545454
2013-07-01,0.0,1.6,1.1,1.6,-1.6,1.9869068069274576,0.167171780590856,1.9518219408469848,1.7846501602561289,false,1.308013043478261
2013-08-01,0.0,1.3,1.1,-0.3,-1.3,2.266954923217357,0.23921872979732625,2.081551427578746,1.8423326977814196,false,1.3309500000000003
2013-09-01,0.0,1.1,1.0,-0.9,-1.1,2.029757791052189,0.27105662115624785,2.205077609337874,1.9340209881816262,false,1.3347904761904765
2013-10-01,0.0,0.7,0.8,-1.7,-0.7,1.4989433179957157,0.21174974054771992,2.0830767583223477,1.8713270177746277,false,1.3634956521739132
2013-11-01,0.0,0.9,1.0,-1.1,-0.9,1.5046519031427064,0.13817879659263113,2.0002189749803225,1.8620401783876914,false,1.3492904761904765
2013-12-01,0.0,0.8,0.7,0.0,-0.8,1.0013574464463382,0.2342314385421583,2.127714222793835,1.8934827842516768,false,1.3703600000000002
2014-01-01,0.0,0.8,0.8,-1.3,-0.8,1.154886292281665,0.20788619833047897,2.0854560521312595,1.8775698538007806,false,1.3610227272727273
2014-02-01,0.0,0.7,1.0,-2.3,-0.7,1.314234832223038,0.12650312748629816,1.9046941552267682,1.77819102774047,false,1.3658499999999998
2014-03-01,0.0,0.5,0.7,-2.1,-0.5,1.1160430190847892,0.16930288562810172,1.837776018073986,1.6684731324458841,false,1.3822523809523812
2014-04-01,0.0,0.7,1.0,-1.2,-0.7,0.7390901795324423,0.17359208274653912,1.7723096686230881,1.598717585876549,false,1.3812499999999999
2014-05-01,0.0,0.5,0.7,0.0,-0.5,1.17816517997118,0.09558850408193156,1.6239104432792,1.5283219391972684,false,1.373214285714286
2014-06-01,-0.1,0.5,0.8,0.1,-0.6,1.711126773948246,0.02524964259442247,1.5383297752619918,1.5130801326675694,false,1.3592380952380951
2014-08-01,-0.1,0.4,0.9,-2.0,-0.5,1.9498445842847545,-0.026317899947809774,1.1704244150479393,1.196742314995749,false,1.3316095238095236
2014-10-01,-0.2,0.4,0.7,-2.0,-0.6000000000000001,2.506764044337273,-0.0778195089905794,1.0025725008211577,1.080392009811737,false,1.2672739130434783
2014-12-01,-0.2,-0.2,0.7,-6.3,0.0,3.7410660970265575,-0.07584198822062595,0.756875222801043,0.832717211021669,false,1.2331333333333334
2015-01-01,-0.2,-0.6,0.6,-9.2,0.39999999999999997,3.7037822019731603,-0.13340348864519094,0.5124442800822288,0.6458477687274197,false,1.1621333333333337
2015-02-01,-0.2,-0.3,0.7,-7.9,0.09999999999999998,3.9998097896100315,-0.1800478609648618,0.4090443023568634,0.5890921633217252,false,1.1349649999999998
2015-05-01,-0.2,0.6,1.3,-4.8,-0.8,4.704387582717295,-0.20659116898793667,0.6748820787245653,0.881473247712502,false,1.1149550000000001
2015-06-01,-0.2,0.5,1.2,-5.1,-0.7,4.6357136197861415,-0.1980745661469727,0.9555971120899106,1.1536716782368832,false,1.1213227272727273
2015-08-01,-0.2,0.4,1.4,-7.2,-0.6000000000000001,4.804226073295181,-0.25507323055123987,0.7437896064883169,0.9988628370395568,false,1.113904761904762
2015-09-01,-0.2,0.2,1.3,-8.9,-0.4,4.626195960626722,-0.2459877771950155,0.7758344252654436,1.021822202460459,false,1.1221181818181818
2015-10-01,-0.2,0.4,1.5,-8.5,-0.6000000000000001,5.153899852428845,-0.2821495075826798,0.6488561868365118,0.9310056944191916,false,1.1235090909090908
2015-11-01,-0.2,0.1,0.9,-7.3,-0.30000000000000004,4.9652232102625815,-0.354173030608498,0.6590113615653491,1.013184392173847,false,1.0735999999999999
2015-12-01,-0.3,0.3,0.9,-5.8,-0.6,4.723221460468441,-0.34224766582727645,0.7070568134696876,1.0493044792969641,false,1.0877181818181816
2016-01-01,-0.3,0.3,1.0,-5.4,-0.6,5.071725630967006,-0.40432069529120174,0.6208177493121968,1.0251384446033986,false,1.0859649999999998
2016-02-01,-0.3,-0.1,0.9,-8.1,-0.19999999999999998,5.135375686654564,-0.49168422407318096,0.3386248087903781,0.8303090328635591,false,1.109295238095238
2016-04-01,-0.4,-0.3,0.7,-8.7,-0.10000000000000003,4.767924599945594,-0.49947558605033443,0.2440611092817053,0.7435366953320397,false,1.1339190476190477
2016-05-01,-0.4,-0.1,0.8,-8.1,-0.30000000000000004,5.028048729323764,-0.5270962897464065,0.21716429504077003,0.7442605847871766,false,1.1311090909090913
2016-06-01,-0.4,0.0,0.8,-6.4,-0.4,5.0676713611232715,-0.5910216841340993,0.05058799331636526,0.6416096774504645,false,1.122890909090909
2016-07-01,-0.4,0.2,0.9,-6.7,-0.6000000000000001,5.00748886722977,-0.6668595253161433,-0.10232619575515026,0.5645333295609931,false,1.1068523809523811
2016-08-01,-0.4,0.2,0.8,-5.6,-0.6000000000000001,4.914511455151693,-0.6490855914863036,-0.11759047223188748,0.5314951192544162,false,1.1211739130434786
2016-10-01,-0.4,0.5,0.7,-0.9,-0.9,4.499821918860314,-0.6956663265550643,0.014692804803607165,0.7103591313586715,false,1.1026047619047619
2016-12-01,-0.4,1.1,0.9,2.6,-1.5,4.968436046063385,-0.7785827952638753,0.34943822945751096,1.1280210247213862,false,1.0542904761904763
2017-01-01,-0.4,1.7,0.9,8.1,-2.1,4.8826814108230865,-0.7326018057841766,0.37872459313632995,1.1113263989205064,false,1.0614409090909092
2017-02-01,-0.4,2.0,0.8,9.3,-2.4,4.673218910310406,-0.8213688671561521,0.377700553130121,1.199069420286273,false,1.064265
2017-03-01,-0.4,1.5,0.7,7.4,-1.9,5.30536278661522,-0.7950232650720145,0.43228224903786605,1.2273055141098805,false,1.0684695652173912
2017-04-01,-0.4,1.9,1.3,7.6,-2.3,4.848421102598488,-0.7876778894188806,0.31803687155595006,1.1057147609748306,false,1.0722666666666667
2017-05-01,-0.4,1.4,0.9,4.6,-1.7999999999999998,4.885432789629451,-0.6963039210673311,0.43616715231844744,1.1324710733857786,false,1.10575
2017-06-01,-0.4,1.3,1.2,1.9,-1.7000000000000002,5.012993524365994,-0.6877018201858035,0.3697589063261164,1.0574607265119198,false,1.1229454545454547
2017-07-01,-0.4,1.3,1.2,2.2,-1.7000000000000002,4.64704577462538,-0.6318854628153028,0.5844127594438289,1.2162982222591316,false,1.1511142857142855
2017-08-01,-0.4,1.5,1.2,4.0,-1.9,5.0982022900136315,-0.6985122520505824,0.45029396661911675,1.1488062186696992,false,1.1806739130434782
2017-09-01,-0.4,1.6,1.2,3.9,-2.0,5.040616786537533,-0.7212665733918107,0.4492324287092857,1.1704990021010964,false,1.191457142857143
2017-10-01,-0.4,1.4,0.9,3.0,-1.7999999999999998,5.04759394764196,-0.720976163230612,0.4845048097998147,1.2054809730304266,false,1.1755863636363633
2017-11-01,-0.4,1.5,0.9,4.7,-1.9,4.904356809750388,-0.7357236204072944,0.4310984240156426,1.1668220444229371,false,1.1738
2017-12-01,-0.4,1.3,0.9,2.9,-1.7000000000000002,4.6414589945098506,-0.7145841133300578,0.4200356305328433,1.134619743862901,false,1.1836210526315791
2018-01-01,-0.4,1.3,1.0,2.2,-1.7000000000000002,4.645379173734998,-0.5779219256728302,0.6050138447294746,1.1829357704023047,false,1.21995
2018-03-01,-0.4,1.4,1.1,2.1,-1.7999999999999998,3.651174123484724,-0.5870313774977689,0.6431128107696701,1.230144188267439,false,1.2336190476190476
2018-04-01,-0.4,1.2,0.7,2.6,-1.6,4.013073670610368,-0.5729772002900382,0.6022439330920273,1.1752211333820655,false,1.22763
2018-05-01,-0.4,2.0,1.2,6.2,-2.4,4.145660925159023,-0.5998198247109018,0.5808035872355741,1.1806234119464758,false,1.1812227272727271
2018-06-01,-0.4,2.0,1.0,8.1,-2.4,4.380507237780806,-0.6543386515836221,0.47288203889194785,1.12722069047557,false,1.1678285714285714
2018-07-01,-0.4,2.2,1.1,9.5,-2.6,4.051209204223838,-0.6485011776273659,0.38822211736028334,1.0367232949876493,false,1.1685727272727278
2018-08-01,-0.4,2.1,1.0,9.3,-2.5,3.6035693517753487,-0.6280772957293077,0.38954965237061223,1.0176269480999198,false,1.1548956521739129
2018-09-01,-0.4,2.1,1.0,9.6,-2.5,3.5508504591978296,-0.5606247195328727,0.4765183414518147,1.0371430609846874,false,1.16587
2018-11-01,-0.4,1.9,0.9,9.1,-2.3,3.7630234511270677,-0.620437512944041,0.44368535087977906,1.06412286382382,false,1.1366863636363636
2018-12-01,-0.4,1.5,0.9,5.5,-1.9,4.210296132464042,-0.6408472657813347,0.31648316498432744,0.957330430765662,false,1.1384210526315788
2019-01-01,-0.4,1.4,1.1,2.7,-1.7999999999999998,3.87070446558766,-0.6143523865266687,0.2533570576091026,0.8677094441357713,false,1.141640909090909
2019-02-01,-0.4,1.5,1.0,3.6,-1.9,4.300309650829592,-0.5694128250089462,0.16963263189932312,0.7390454569082693,false,1.1351149999999999
2019-03-01,-0.4,1.4,0.8,5.3,-1.7999999999999998,4.6408406019806,-0.5635487805668079,0.10744935268041834,0.6709981332472262,false,1.1302476190476192
2019-05-01,-0.4,1.2,0.8,3.8,-1.6,4.880502942963361,-0.6393731429016346,-0.025975740175380017,0.6133974027262545,false,1.1184590909090908
2019-07-01,-0.4,1.0,0.9,0.5,-1.4,5.217686137997779,-0.7651084838275726,-0.2956703084859306,0.46943817534164195,false,1.1218391304347828
2019-08-01,-0.4,1.0,0.9,-0.6,-1.4,5.858519465503753,-0.8883412721816609,-0.5877229638871092,0.3006183082945517,false,1.1126227272727272
2019-09-01,-0.5,0.8,1.0,-1.8,-1.3,5.815709303396388,-0.8173719556045954,-0.5273443253134215,0.29002763029117395,false,1.1003904761904761
2019-10-01,-0.5,0.7,1.1,-3.1,-1.2,5.725652474166298,-0.7296906369266088,-0.40348996560437145,0.3262006713222374,false,1.1052565217391306
2019-11-01,-0.5,1.0,1.3,-3.2,-1.5,5.575749763309457,-0.6579408723290329,-0.2795733735052141,0.37836749882381876,false,1.105095238095238
2020-02-01,-0.5,1.2,1.2,-0.3,-1.7,5.381921005799151,-0.6698039035727966,-0.39270559527900006,0.27709830829379656,false,1.0905
2020-03-01,-0.5,0.7,1.0,-4.5,-1.2,7.553786875780233,-0.7896776030535587,-0.45847720719922175,0.33120039585433697,false,1.1063409090909089
2020-04-01,-0.5,0.3,0.9,-9.7,-0.8,8.114974841760581,-0.6582600439479098,-0.3463814779223411,0.31187856602556874,false,1.0861899999999998
2020-05-01,-0.5,0.1,0.9,-11.9,-0.6,8.784886011135606,-0.6793931829776065,-0.40277475998820994,0.2766184229893966,false,1.0901850000000004
2020-06-01,-0.5,0.3,0.8,-9.3,-0.8,9.283134811640092,-0.6528206282776962,-0.3459768349512954,0.30684379332640077,false,1.125459090909091
2020-08-01,-0.5,-0.2,0.4,-7.8,-0.3,9.553640381169458,-0.6844482016372178,-0.4451597458901876,0.23928845574703017,false,1.1828095238095238
2020-09-01,-0.5,-0.3,0.2,-8.2,-0.2,10.18310753680749,-0.6959590416999172,-0.46168521802801626,0.23427382367190092,false,1.179240909090909
2020-11-01,-0.5,-0.3,0.2,-8.3,-0.2,11.037289808749673,-0.7614046739294535,-0.5501750064130465,0.21122966751640704,false,1.1837904761904763
2020-12-01,-0.5,-0.3,0.2,-6.9,-0.2,12.270385137946981,-0.7681621713749462,-0.5606431484601501,0.20751902291479618,false,1.2169727272727275
2021-01-01,-0.5,0.9,1.4,-4.2,-1.4,12.479545200359365,-0.7413978960994896,-0.5359750931203786,0.20542280297911097,false,1.2170850000000004
2021-02-01,-0.5,0.9,1.1,-1.7,-1.4,12.375861268959953,-0.7134940143851953,-0.3790681622393103,0.33442585214588505,false,1.2097900000000001
2021-03-01,-0.5,1.3,0.9,4.3,-1.8,10.126973222343105,-0.7153155751640672,-0.30023035686954463,0.41508521829452255,false,1.1899086956521738
2021-04-01,-0.5,1.6,0.7,10.4,-2.1,9.389050074984562,-0.7199891913443239,-0.24723438422223568,0.4727548071220883,false,1.1979100000000005
2021-06-01,-0.5,1.9,0.9,12.6,-2.4,8.497806643238759,-0.7052248981688388,-0.19075501959309052,0.5144698785757483,false,1.204709090909091
2021-08-01,-0.5,3.0,1.6,15.4,-3.5,8.31003081795365,-0.7935433428701263,-0.45727284697893533,0.33627049589119096,false,1.177181818181818
2021-09-01,-0.5,3.4,1.9,17.6,-3.9,7.7936357985355365,-0.7455835095444333,-0.2903754417595625,0.45520806778487083,false,1.177031818181818
2021-11-01,-0.5,4.9,2.6,27.5,-5.4,7.406405571378438,-0.7778509249864544,-0.24207467542190952,0.5357762495645448,false,1.1414045454545456
2021-12-01,-0.5,5.0,2.6,25.9,-5.5,6.9507327590319745,-0.7313161790600085,-0.30136171862533034,0.4299544604346781,false,1.130378260869565
2022-01-01,-0.5,5.1,2.3,28.8,-5.6,6.839643977588272,-0.6298402555264613,-0.06487200002833268,0.5649682554981286,false,1.131447619047619
2022-02-01,-0.5,5.9,2.7,32.0,-6.4,6.674706526461449,-0.4430551576590724,0.23908104940481678,0.6821362070638892,false,1.1341900000000003
2022-03-01,-0.5,7.4,3.0,44.3,-7.9,6.471391546723693,-0.398822603152206,0.3637260443317035,0.7625486474839096,false,1.101895652173913
2022-04-01,-0.5,7.4,3.5,37.5,-7.9,6.321779723415832,0.04502290575619946,0.8248492669802175,0.779826361224018,false,1.081873684210526
2022-05-01,-0.5,8.1,3.8,39.1,-8.6,6.016485827519813,0.20129316830264646,1.0571318216499976,0.8558386533473512,false,1.05785
2022-06-01,-0.5,8.6,3.7,42.0,-9.1,5.951287856048593,0.8240116262366286,1.579682484829241,0.7556708585926124,false,1.0565818181818178
2022-07-01,0.0,8.9,4.0,39.6,-8.9,5.756951903904284,0.4306515762120333,1.2297545839538135,0.7991030077417802,false,1.0178904761904761
2022-08-01,0.0,9.1,4.3,38.6,-9.1,6.171972629877032,0.5986055041618078,1.1676618854426133,0.5690563812808055,false,1.0128434782608693
2022-09-01,0.75,9.9,4.8,40.7,-9.15,5.929470924360736,1.410057967604562,1.8635919840037587,0.45353401639919677,false,0.9903772727272728
2022-10-01,0.75,10.6,5.0,41.5,-9.85,5.00036510629851,1.8447516488740208,2.3021257807236006,0.45737413184957987,false,0.9825666666666667
2023-01-01,2.0,8.6,5.3,18.9,-6.6,2.9714909400691436,2.463864887320962,2.2702583801020455,-0.1936065072189166,true,1.0769
2023-02-01,2.5,8.5,5.6,13.7,-6.0,2.4317600802107986,2.7001941959133577,2.4575029926635814,-0.24269120324977633,true,1.07151
2023-03-01,3.0,6.9,5.7,-0.9,-3.9000000000000004,1.945244703338167,2.723301010907778,2.4680239816480705,-0.2552770292597075,true,1.0705826086956522
2023-04-01,3.0,7.0,5.6,2.3,-4.0,1.3016341914843021,2.7177068502671435,2.47034234760938,-0.24736450265776355,true,1.096772222222222
2023-06-01,3.5,5.5,5.5,-5.6,-2.0,0.46926104830258275,2.9417700711590906,2.477957997677272,-0.46381207348181874,true,1.0839863636363638
2023-07-01,3.5,5.3,5.5,-6.1,-1.7999999999999998,-0.21962824659171876,3.0974579222952383,2.555921523176191,-0.5415363991190474,true,1.1058142857142859
2023-08-01,3.75,5.2,5.3,-3.3,-1.4500000000000002,-1.2876102612336071,2.9859873626782605,2.6460498269478263,-0.33993753573043417,true,1.0908869565217392
2023-09-01,4.0,4.3,4.5,-4.6,-0.2999999999999998,-1.2032054226915223,3.110245671466666,2.7640519589666668,-0.3461937124999994,true,1.0683809523809522
2023-10-01,4.0,2.9,4.2,-11.2,1.1,-1.0421454294282428,3.102825784159091,2.908462871136364,-0.19436291302272712,true,1.0562545454545453
2023-11-01,4.0,2.4,3.6,-11.5,1.6,-0.9266783998476025,2.965598442281819,2.6720380430818182,-0.2935603992000009,true,1.080822727272727
2023-12-01,4.0,2.9,3.4,-6.7,1.1,0.04855951077917808,2.5730390566736845,2.1956483820736836,-0.37739067460000086,true,1.0903052631578947
2024-01-01,4.0,2.8,3.3,-6.1,1.2000000000000002,0.13085767187228647,2.5705696998545453,2.289032500304546,-0.28153719954999934,true,1.0905136363636365
2024-02-01,4.0,2.6,3.1,-3.7,1.4,0.39715322554711996,2.759313404261905,2.430505104766666,-0.3288082994952388,true,1.0794714285714286
2024-03-01,4.0,2.4,2.9,-1.8,1.6,0.8362036529805161,2.8497860546949996,2.4147937379999997,-0.4349923166949998,true,1.0872199999999999
2024-04-01,4.0,2.4,2.7,-0.6,1.6,1.386654366484441,2.880648805980952,2.534641565195238,-0.3460072407857142,true,1.0727761904761905
2024-05-01,4.0,2.6,2.9,0.3,1.4,1.4908211962104678,2.950840636690909,2.5876076482409087,-0.36323298845000007,true,1.081222727272727
2024-07-01,3.75,2.6,2.9,1.2,1.15,2.3421187835716673,2.7795274234304346,2.5049351273304348,-0.2745922960999998,true,1.0844086956521737
2024-08-01,3.75,2.2,2.8,-3.0,1.5499999999999998,2.897409370857984,2.3919164206272727,2.3257029784227274,-0.06621344220454528,true,1.1012181818181814
2024-09-01,3.5,1.7,2.7,-6.1,1.8,3.2149638197328967,2.1883155364952382,2.290847931523809,0.10253239502857081,false,1.1105999999999998
2024-10-01,3.25,2.0,2.7,-4.6,1.25,3.4041339505741064,2.1110259760869563,2.3619381137,0.25091213761304365,false,1.0904347826086958
2024-11-01,3.25,2.2,2.7,-2.0,1.0499999999999998,3.789053104571205,2.0844661022285713,2.409980437709524,0.3255143354809529,false,1.0630142857142857
2025-01-01,3.0,2.5,2.7,1.9,0.5,3.6578410429676245,2.1731984725727282,2.5993300577636362,0.426131585190908,false,1.0353727272727273
2025-02-01,2.75,2.3,2.6,0.2,0.4500000000000002,3.8794543326655884,2.0312082142999994,2.5047516579349995,0.4735434436350001,false,1.0412500000000002
2025-03-01,2.5,2.2,2.4,-1.0,0.2999999999999998,3.694093535032983,2.1129525180857147,2.8433920205142855,0.7304395024285708,false,1.0806809523809524
2025-04-01,2.25,2.2,2.7,-3.6,0.04999999999999982,3.8868012886456027,1.7845947989049997,2.636305432125001,0.8517106332200011,false,1.1213950000000001
2025-05-01,2.25,1.9,2.3,-3.6,0.3500000000000001,3.9307357696173773,1.8008218748476192,2.672384889552381,0.8715630147047619,false,1.1278047619047618
2025-06-01,2.0,2.0,2.3,-2.6,0.0,3.4335657210100123,1.8293698570619046,2.6308326287904755,0.8014627717285709,false,1.1516190476190478
2025-07-01,2.0,2.0,2.3,-2.4,0.0,3.3092106574398317,1.8568372480826087,2.731505059321739,0.8746678112391302,false,1.1676869565217392
2025-08-01,2.0,2.0,2.3,-2.0,0.0,2.9239861021120417,1.9179368815714288,2.777722415966667,0.8597855343952383,false,1.1631428571428575
2025-09-01,2.0,2.2,2.4,-0.4,-0.20000000000000018,2.7811811220404437,1.9608766088772727,2.7863597789,0.8254831700227274,false,1.1732227272727274
2025-11-01,2.0,2.1,2.4,-0.5,-0.10000000000000009,3.0311307259755838,1.98288180714,2.7603566823449994,0.7774748752049994,false,1.15602
2025-12-01,2.0,1.9,2.3,-1.9,0.10000000000000009,2.785951786225027,2.0956148280476192,2.924444595204762,0.828829767157143,false,1.1708714285714283
2020-01-01,-0.5,1.4,1.1,1.9,-1.9,5.156578715730364,-0.6262716121756274,-0.24007587876667716,0.3861957334089503,false,1.1100363636363635
2020-10-01,-0.5,-0.3,0.2,-8.2,-0.2,10.443797611672245,-0.7519341098783422,-0.5447538335214375,0.20718027635690472,false,1.1775181818181817
2013-06-01,0.0,1.6,1.2,1.6,-1.6,2.2791413537892824,0.2510923450349319,1.9759221939098341,1.7248298488749023,false,1.3188749999999998
2014-07-01,-0.1,0.4,0.8,-1.0,-0.5,1.8764172571051674,-0.0036570873089173733,1.356987854489043,1.3606449417979605,false,1.3539173913043479
2015-04-01,-0.2,0.2,0.9,-5.8,-0.4,5.213736746514663,-0.23746715606279428,0.22726833769690497,0.46473549375969925,false,1.07793
2016-03-01,-0.4,0.0,1.0,-8.7,-0.4,5.090736140170149,-0.4955643686525174,0.3172198908182451,0.8127842594707625,false,1.1099666666666668
2016-09-01,-0.4,0.4,0.8,-3.0,-0.8,5.06598076916136,-0.6750821708268423,-0.07440725694078351,0.6006749138860588,false,1.1212090909090908
2016-11-01,-0.4,0.6,0.8,-1.1,-1.0,4.683251632072127,-0.7033157853806448,0.25433473944469603,0.9576505248253409,false,1.0798954545454547
2018-02-01,-0.4,1.1,1.0,2.2,-1.5,4.2286184739345645,-0.5502551748852532,0.7693607890195007,1.319615963904754,false,1.23478
2019-04-01,-0.4,1.7,1.3,5.3,-2.1,4.8564227675136795,-0.5971452730980076,0.0571300843976257,0.6542753574956333,false,1.1238249999999999
2019-06-01,-0.4,1.3,1.1,1.7,-1.7000000000000002,4.566439572595593,-0.7035564111250767,-0.20622489327080498,0.49733151785427177,false,1.1293399999999998
2021-07-01,-0.5,2.2,0.7,14.3,-2.7,8.023615965861186,-0.7467451272915749,-0.3491710377579509,0.39757408953362405,false,1.1821818181818182
2021-10-01,-0.5,4.1,2.0,23.7,-4.6,7.827536807165103,-0.6941329337658831,-0.1279672691673279,0.5661656645985552,false,1.160147619047619
2022-11-01,1.5,10.1,5.0,34.9,-8.6,4.649411196041697,2.0412668158858662,2.1671464570755146,0.12587964118964834,false,1.0201272727272725
2025-10-01,2.0,2.1,2.4,-0.9,-0.10000000000000009,2.7829617560345854,1.9425899280608696,2.712591248882609,0.7700013208217393,false,1.1630434782608696
2014-09-01,-0.2,0.3,0.8,-2.3,-0.5,2.3686154151506322,-0.08331856397003155,1.127319773528667,1.2106383374986986,false,1.2901363636363632
2018-10-01,-0.4,2.3,1.2,10.8,-2.6999999999999997,3.873387510329662,-0.5887613006299061,0.511390216417947,1.100151517047853,false,1.148404347826087
2021-05-01,-0.5,2.0,1.0,13.1,-2.5,8.866142899853058,-0.6922160258060176,-0.13420005601787852,0.558015969788139,false,1.2145904761904762
2014-11-01,-0.2,0.3,0.7,-2.5,-0.5,3.0417564667663433,-0.07503795387005643,0.9080186619923319,0.9830566158623883,false,1.24722
2015-03-01,-0.2,-0.1,0.6,-6.0,-0.1,4.310922932712691,-0.20148110876804368,0.30878696524860966,0.5102680740166533,false,1.083768181818182
2019-12-01,-0.5,1.3,1.3,0.2,-1.8,4.847170554430114,-0.6505900601800977,-0.21794482912949267,0.43264523105060504,false,1.111345
2020-07-01,-0.5,0.4,1.2,-8.4,-0.9,10.068856783138003,-0.6807269064964696,-0.4318304290938608,0.24889647740260878,false,1.1463391304347825
2022-12-01,2.0,9.2,5.2,25.5,-7.199999999999999,3.7654694391248134,2.2033753276834025,2.166428914192546,-0.03694641349085659,true,1.0588809523809526
2023-05-01,3.25,6.1,5.3,-1.8,-2.8499999999999996,0.9546198322582189,2.6480331733097207,2.454777262513019,-0.1932559107967018,true,1.08675
2024-06-01,3.75,2.5,2.9,0.2,1.25,2.209500164946032,2.87030232355,2.54869408656,-0.32160823698999996,true,1.0759
2024-12-01,3.0,2.4,2.7,0.1,0.6000000000000001,3.629911552732956,1.9627273068473683,2.2848965621052635,0.3221692552578952,false,1.047875
2015-07-01,-0.2,0.5,1.4,-5.6,-0.7,4.927629094069785,-0.24788829767452636,0.8807326628382997,1.128620960512826,false,1.0995782608695652
2026-01-01,2.0,,,,,3.1814851874472083,2.0753983500095243,2.9160231064047615,0.8406247563952371,false,1.1738238095238096
2026-02-01,2.0,,,,,2.943477298994468,2.0243882104599997,2.8363756953799997,0.81198748492,false,1.182395
2026-03-01,2.0,,,,,3.2322036039372337,2.380139694368182,2.9808544646181825,0.6007147702500006,false,1.1558318181818181
2026-04-01,2.0,,,,,2.7168190535441505,2.5336642988849993,3.0752609730650002,0.5415966741800009,false,1.1706400000000001
